<package>
  <description brief="global_planner">

     global_planner

  </description>
  <author>Samuel</author>
  <license>BSD</license>
  <review status="unreviewed" notes=""/>
  <url>http://ros.org/wiki/global_planner</url>
  <depend package="roscpp"/>
  <!-- <depend package="agv_framework"/> -->
  <depend package="opencv2"/>
  <depend package="nav_msgs"/>
  <depend package="sensor_msgs"/>  
  <depend package="geometry_msgs"/>
  <depend package="std_msgs"/>
  <depend package="image_transport"/> 
  <depend package="cv_bridge"/>
</package>


